keywordID,keyword,ProjectID
1,managed services providers,1
2,cloud management service,1
3,it managed services,1
4,it managed service,1
5,managed it service,1
6,remote work solutions,1
7,remote working solutions,1
8,managed network security services,1
9,it managed services providers,1
10,managed it service provider,1
11,managed it services providers,1
12,managed it service providers,1
13,managed printing services,1
14,printer management services,1
15,managed print services,1
16,print management services,1
17,managed printer services,1
18,workplace solution,1
19,workplace solutions,1
20,remote device management services,1
21,network manager software,1
22,network managing software,1
23,remote computer,1
24,managed services companies,1
25,managed network services,1
26,managed service network,1
27,network managed service,1
28,network managment tools,1
29,tools for network management,1
30,networking management tools,1
31,network management tool,1
32,network management tools,1
33,on demand printing services,1
34,print on demand services,1
35,print on demand service,1
36,on demand print services,1
37,it managed services companies,1
38,managed it services company,1
39,remote access solutions,1
40,remote access solution,1
41,managed services it,1
42,remote device management software,1
43,remote device management,1
44,remote work security,1
45,remote working security,1
46,remote access device management solutions,1
47,digital workplace solution,1
48,digital workplace solutions,1
49,best print on demand services,1
50,remote device management system,1
51,it lifecycle management,1
52,network management solutions,1
53,secure remote access solutions,1
54,cloud printing solutions,1
55,cloud print solutions,1
56,it cost reduction,1
57,managed it security services,1
58,remote computing,1
59,enterprise cloud computing,1
60,cloud computing for enterprise,1
61,network device management,1
62,hybrid work solutions,1
63,hybrid working solutions,1
64,hybrid workplace solutions,1
65,managed print service providers,1
66,remote iot device management platform,1
67,daas providers,1
68,daas in cloud computing,1
69,managed print services companies,1
70,remote work cyber security,1
71,network management app,1
72,hybrid it solutions,1
73,remote computer monitoring,1
74,print as a service,1
75,printing as a service,1
76,it cost reduction strategies,1
77,managed print services software,1
78,workflow orchestration tools,1
79,remote working security risks,1
80,it security monitoring,1
81,remote network management,1
82,device as a service providers,1
83,hybrid work software,1
84,hybrid work tools,1
85,workflow orchestration engine,1
86,managed print services software solutions,1
87,remote working it solutions,1
88,cloud based remote access solution,1
89,workplace management solutions,1
90,it lifecycle services,1
91,network management products,1
92,enterprise remote access solutions,1
93,remote workforce solutions,1
94,remote device management application,1
95,cloud based printing solutions,1
96,enterprise cloud computing solutions,1
97,it security monitoring tools,1
98,it infrastructure lifecycle management,1
99,best digital workplace solutions,1
100,it asset lifecycle management best practices,1
101,data workflow orchestration,1
102,hybrid work security,1
103,secure hybrid work,1
104,it lifecycle management process,1
105,device as a service companies,1
106,enterprise cloud printing solutions,1
107,workplace technology solutions,1
108,device as a service daas,1
109,cloud print management solutions,1
110,it security monitoring services,1
111,device as a service model,1
112,hybrid work security solutions,1
113,managed print as a service,1
114,it lifecycle management services,1
115,remote network access solutions,1
116,sustainable workplace solutions,1
117,print workflow solutions,1
118,intranet software & digital workplace solutions,1
119,cloud print as a service,1
120,digital printing workflow solutions,1
121,print-on-demand service,1
